blockN	tsShow	tsInput	value	tsShow	tsInput	value	tsShow	tsInput	value

-1	1399660125.53773	1399660129.53133	7	1399660129.62493	1399660129.92133	8	1399660129.99933	1399660130.20213	7
