blockN	tsInizio	tsFix1	tsFix3	tsRest

-1	1399643685.91982	1399643687.08982	1399643694.18303	None
1	1399643708.27986	1399643709.54346	1399643714.43227	1399643720.59428
