blockN	tsInizio	tsFix1	tsFix3	tsRest

-1	1399994473.12695	1399994473.61055	1399994475.99175	None
