blockN	tsShow	tsInput	value	tsShow	tsInput	value	tsShow	tsInput	value

-1	1399994476.11175	1399994477.47336	9	1399994477.59816	1399994477.66056	9	1399994477.76976	1399994477.84776	9
