blockN	tsInizio	tsFix1	tsFix3	tsRest

-1	1399996214.04038	1399996215.19478	1399996217.55959	None
