blockN	tsShow	tsInput	value	tsShow	tsInput	value	tsShow	tsInput	value

-1	1399996217.68959	1399996218.63959	9	1399996218.75959	1399996218.79959	8	1399996218.91959	1399996219.01959	9
