blockN	tsShow	tsInput	value	tsShow	tsInput	value	tsShow	tsInput	value

-1	1399995194.7008	1399995196.20081	7	1399995196.29081	1399995196.45081	8	1399995196.54081	1399995196.71081	7
