blockN	tsInizio	tsFix1	tsFix3	tsRest

-1	1399657674.14633	1399657674.70793	1399657681.75874	None
