blockN	tsShow	tsInput	value	tsShow	tsInput	value	tsShow	tsInput	value

-1	1399657683.77874	1399657688.02635	6	1399657688.11995	None	None	1399657698.21317	1399657701.38957	5
