blockN	tsInizio	tsFix1	tsFix3	tsRest

-1	1399659142.72757	1399659143.71037	1399659146.07878	None
