blockN	tsShow	tsInput	value	tsShow	tsInput	value	tsShow	tsInput	value

-1	1399659146.21878	1399659147.77878	7	1399659147.88878	1399659148.16878	8	1399659148.26878	1399659148.60118	7
