blockN	tsInizio	tsFix1	tsFix3	tsRest

-1	1399995047.65398	1399995048.21021	1399995050.55621	None
