blockN	tsShow	tsInput	value	tsShow	tsInput	value	tsShow	tsInput	value

-1	1399995050.67621	1399995051.64621	7	1399995051.73621	1399995051.75621	8	1399995051.85621	1399995051.87621	7
