blockN	tsShow	tsInput	value	tsShow	tsInput	value	tsShow	tsInput	value

-1	1399474862.58775	1399474897.68692	5	1399474897.90692	None	None	1399474898.04692	1399474930.01299	4
