blockN	tsInizio	tsFix1	tsFix3	tsRest

-1	1399467464.95068	1399467466.03574	1399467472.2611	None
