blockN	tsShow	tsInput	value	tsShow	tsInput	value	tsShow	tsInput	value

-1	1399467473.28515	1399467475.96231	4	1399467476.05031	1399467476.74535	5	1399467476.83436	1399467477.40739	6
