blockN	tsInizio	tsFix1	tsFix3	tsRest

-1	1399913711.92296	1399913712.62496	1399913714.96016	None
