blockN	tsShow	tsInput	value	tsShow	tsInput	value	tsShow	tsInput	value

-1	1399913715.11016	1399913716.20016	8	1399913716.35016	1399913716.35016	9	1399913716.54016	1399913716.54016	8
