blockN	sndPath	sndName	tsPlay	tsFixAndLoop

-1	a	02.wav	1399913712.76536	1399913713.09396
-1	a	01.wav	1399913713.09496	1399913713.40616
-1	a	07.wav	1399913713.40616	1399913713.71736
-1	a	06.wav	1399913713.71736	1399913714.03056
-1	a	05.wav	1399913714.03056	1399913714.34376
-1	a	03.wav	1399913714.34376	1399913714.65696
-1	a	04.wav	1399913714.65696	1399913714.96016
