blockN	tsInizio	tsFix1	tsFix3	tsRest

-1	1403285317.58245	1403285318.78052	1403285321.30566	None
