blockN	tsShow	tsInput	value	tsShow	tsInput	value	tsShow	tsInput	value

-1	1403285321.47067	1403285323.18277	8	1403285323.30978	1403285323.45378	9	1403285323.55779	1403285325.74992	5
