blockN	tsInizio	tsFix1	tsFix3	tsRest

-1	1399470445.5744	1399470446.66641	1399470452.68342	None
