blockN	tsShow	tsInput	value	tsShow	tsInput	value	tsShow	tsInput	value

-1	1399470453.70302	1399470455.63742	6	1399470455.73102	1399470457.09902	6	1399470457.18902	1399470457.62903	5
