blockN	tsInizio	tsFix1	tsFix3	tsRest

-1	1399996394.70134	1399996395.84014	1399996398.15214	None
1	1399996592.50288	1399996592.58088	1399996594.89049	1399996625.00094
