blockN	tsInizio	tsFix1	tsFix3	tsRest

-1	1399995521.87566	1399995522.53086	1399995524.88247	None
