blockN	tsShow	tsInput	value	tsShow	tsInput	value	tsShow	tsInput	value

-1	1399995525.01247	1399995526.29247	7	1399995526.41247	1399995526.47247	8	1399995526.58247	1399995526.61247	7
