blockN	tsInizio	tsFix1	tsFix3	tsRest

-1	1399659218.88959	1399659219.63839	1399659221.9552	None
1	1399659327.12081	1399659328.19721	1399659330.48362	1399659348.70845
