blockN	tsInizio	tsFix1	tsFix3	tsRest

-1	1399474584.15076	1399474585.24076	1399474591.21077	None
1	1399474635.31083	1399474636.37083	1399474643.76084	1399474672.71088
