blockN	tsInizio	tsFix1	tsFix3	tsRest

-1	1399476026.77565	1399476030.50406	1399476048.40409	None
