blockN	tsInizio	tsFix1	tsFix3	tsRest

-1	1399994800.87936	1399994801.40976	1399994803.80097	None
1	1399994809.11738	1399994810.19378	1399994812.48218	1399994813.59219
