blockN	tsInizio	tsFix1	tsFix3	tsRest

-1	1399994612.8266	1399994613.1698	1399994615.52341	None
1	1399994620.97582	1399994622.05222	1399994624.34302	1399994626.03583
