blockN	tsInizio	tsFix1	tsFix3	tsRest

-1	1399644879.79923	1399644883.38723	1399644890.50968	None
