blockN	tsShow	tsInput	value	tsShow	tsInput	value	tsShow	tsInput	value

-1	1399644892.57972	1399644893.90652	8	1399644894.07813	1399644894.17173	9	1399644894.34333	1399644894.40573	8
